"id","name","url","location","fields","appreciations","views"
"169513","Klaus Kampert","https://www.behance.net/KlausKampert","Dusseldorf, Germany","Photography,Dance,Fine Arts","26055","417987"
"778213","Evelien Callens","https://www.behance.net/EvelienCallens","Brussels, Belgium","Photography,Graphic Design,Dance","2616","51967"
"115776","Andrey Smirny","https://www.behance.net/AndreySmirny","Brooklyn, NY, USA","Illustration,Cartooning,Dance","2315","38793"
"307934","Paula Lobo","https://www.behance.net/paulalobo","New York, NY, USA","Dance,Photography,Fine Arts","785","20884"
"182545","V-studio","https://www.behance.net/vstudio","Gruenstadt, Germany","Photography,Dance,Graphic Design","768","15187"
"174806","Alexander Yakovlev","https://www.behance.net/ayakovlev","Moscow, Russian Federation","Photography,Digital Photography,Dance","648","12284"
"503724","ABorisovStudio","https://www.behance.net/aborisovstudio","Moscow, Russian Federation","Fashion,Dance,Choreography","494","5701"
"71084","Clarence Lam","https://www.behance.net/clarevoyance","Casablanca, Morocco","Photography,Digital Photography,Dance","217","4854"
"280811","Gordon Bae","https://www.behance.net/gbae","Cambridge, MA, USA","Digital Photography,Dance,Singing","205","8384"
"56728","Guillaume Bru","https://www.behance.net/Miogui","Paris, France","Graphic Design,Design,Dance","196","7209"
"232198","Tony Lavilla","https://www.behance.net/MPG","Winnipeg, Manitoba, Canada","Fashion,Photography,Dance","161","6625"
"375885","Angel Vargas","https://www.behance.net/angelvargas","Pontevedra, Spain","Photography,Fine Arts,Dance","142","1573"
"266453","Natalie Metzger","https://www.behance.net/metzart","Burbank, CA, USA","Dance,Choreography,Film","141","3477"
"53696","Christina Myers","https://www.behance.net/IvyC2003","","Photography,Dance,Digital Photography","141","10039"
"726728","Kylie Holmes","https://www.behance.net/kholmes","San Francisco, CA, USA","Dance","135","4676"
"117128","Anthony W Johnson","https://www.behance.net/AnthonyWJohnson","West Hollywood, CA, USA","Choreography,Dance,Directing","126","2836"
"175538","Ito Ocampo","https://www.behance.net/itoocampo","","Photography,Photojournalism,Dance","125","626"
"234117","Aleksandar Dobrohotov","https://www.behance.net/alekdobrohotov","Bologna, Italy","Photography,Photojournalism,Dance","116","1226"
"127740","Claude Schneider","https://www.behance.net/ClaudeSchneider","Cambridge, United Kingdom","Dance,Photography,Digital Photography","107","4001"
"592335","Christian Infante","https://www.behance.net/christianinfante","Huancayo, Peru","Photography,Dance,Digital Photography","102","1154"
"190019","karina peña","https://www.behance.net/karopenia","Pachuca de Soto, Mexico","Illustration,Graphic Design,Dance","96","235"
"508882","Ingrid Bugge","https://www.behance.net/ingridbugge","Copenhagen, Denmark","Photography,Fine Arts,Dance","86","3992"
"713668","Gregory Batardon","https://www.behance.net/gregorybatardon","Geneva, Switzerland","Photography,Fine Arts,Dance","83","2202"
"113712","Kyra Kelpin","https://www.behance.net/KyraKelpin","Squamish, British Columbia, Canada","Photography,Digital Photography,Dance","82","2198"
"634980","Ana corte","https://www.behance.net/pilatesanacorte","Buenos Aires, Argentina","Dance,Choreography,Academia","67","747"
"390551","Justine Skowronek","https://www.behance.net/justphoto","Nottingham, United Kingdom","Photography,Art Direction,Dance","66","659"
"97572","Jaki Levy","https://www.behance.net/JakiLevy","Brooklyn, NY, USA","Web Design,Dance,Film","63","3012"
"159673","Pratik Chaudhri","https://www.behance.net/PratikChaudhri","New Delhi, India","Dance,Photography,Performing Arts","61","2231"
"179355","Juan Sebastian","https://www.behance.net/juanart","Bogota, Colombia","Drawing,Dance,Digital Art","60","114"
"4060715","Archer Films Entertainment","https://www.behance.net/archerfilms","Thessaloníki, Greece","Film,Dance,Photography","59","1640"
"688210","MO PIX","https://www.behance.net/mopix","Paris, France","Photography,Fashion,Dance","52","1278"
"226755","Jacques Torn","https://www.behance.net/basicspecials","Netherlands","Music,Industrial Design,Dance","50","1706"
"544714","Greg Mosch","https://www.behance.net/greggreezy","Thessaloniki, Greece","Dance,Film,Directing","46","1278"
"859039","Jesse Echeverria","https://www.behance.net/jesseechev","USA","Blogging,Dance,UI/UX","46","407"
"192226","Adrian Hohendorff","https://www.behance.net/adrianhohendorff","Meckenheim, Germany","Print Design,Illustration,Dance","45","1694"
"445601","Bizarremind","https://www.behance.net/bizarremind","Milan, Italy","Photography,Art Direction,Dance","44","824"
"338221","Arkadiusz Kwandrans","https://www.behance.net/kandelicus","Radom, Poland","Photography,Fashion,Dance","41","603"
"816205","Catia Sofia","https://www.behance.net/catiaasofia","Lisbon, Portugal","Photography,Digital Photography,Dance","41","583"
"199100","SKEGGIA","https://www.behance.net/skeggia","Rome, Italy","Graphic Design,Print Design,Dance","38","3478"
"461291","Caroline Manuelle","https://www.behance.net/carolinemanuelle","Portugal","Fashion,Design,Dance","37","1567"
"97643","Kaarel Mikkin","https://www.behance.net/kaarel","Tallinn, Estonia","Dance,Choreography","35","731"
"601967","Voix d'Or","https://www.behance.net/voixdor","Bruxelles, Belgium","Graphic Design,Dance,Costume Design","34","319"
"555493","antoine repesse","https://www.behance.net/antoinerepesse","Lille, France","Photography,Photojournalism,Dance","33","392"
"249524","Nestor Ovilla","https://www.behance.net/cangrejo","Chiapas, Mexico","Character Design,Dance,Digital Art","31","788"
"55280","Trevor Schwellnus","https://www.behance.net/plastictaxi","Toronto, Ontario, Canada","Theater,Video Arts,Dance","29","1792"
"567125","paulo amoreira","https://www.behance.net/pauloamoreira","Fortaleza, Brazil","Photography,Performing Arts,Dance","25","587"
"157269","Eric Parker","https://www.behance.net/EricParker","Toronto, Ontario, Canada","Graphic Design,Performing Arts,Dance","24","947"
"319165","Vanessa Neves","https://www.behance.net/vanessaneves","Lisbon, Portugal","Photography,Photojournalism,Dance","24","592"
"469023","Renáta Nováková","https://www.behance.net/renatanovakova","Valasske Mezirici, Czech Republic","Fashion,Dance,Costume Design","24","1341"
"158737","Samantha Riccio","https://www.behance.net/Samantha_Riccio","Newtown, PA, USA","Interior Design,Dance","23","1293"
"344693","Lee Edward","https://www.behance.net/lee-edward","Copenhagen, Denmark","Photography,Digital Photography,Dance","22","396"
"184945","Jeremy Phillips","https://www.behance.net/jeremyphillips","Perth, Australia","Photography,Dance,Graphic Design","21","1009"
"241733","Ami Sanyal","https://www.behance.net/amisanyal","Vancouver, British Columbia, Canada","Photography,Fashion,Dance","21","1121"
"217117","Mars Bentum","https://www.behance.net/marsbentum","Zutphen, Netherlands","Performing Arts,Choreography,Dance","20","563"
"329091","Fresh From Birth","https://www.behance.net/freshfrombirth","Charlotte, NC, USA","Dance,Design,Product Design","20","987"
"114483","Deandra Mercer","https://www.behance.net/DeandraMercer","Toronto, Ontario, Canada","Photography,Dance,Photo Manipulation","19","811"
"239023","Berrymoor Gabbasson","https://www.behance.net/berrymoor","Kazan', Russian Federation","Illustration,DJing,Dance","19","636"
"357337","Gonzalo Muñoz","https://www.behance.net/Gonzamu","Santiago, Chile","Digital Photography,Photography,Dance","19","732"
"356665","Grimalt de Blanc","https://www.behance.net/grimaltdeblanc","Palma de Mallorca, Spain","Photography,Digital Photography,Dance","18","300"
"573587","Sahiba Singh","https://www.behance.net/sahiba","Bangalore, India","Dance,Writing","18","456"
"226409","Joe Gaudet","https://www.behance.net/joedirector","Saint Petersburg, FL, USA","Motion Graphics,Photography,Dance","17","2627"
"320029","Needawebdesigner.co.uk","https://www.behance.net/millsandmills","Aberystwyth, United Kingdom","Graphic Design,Illustration,Dance","17","620"
"688908","Daria Nefodova","https://www.behance.net/dashanefodova","Buenos Aires, Argentina","Photography,Advertising,Dance","17","1092"
"743845","NoFACT creative group","https://www.behance.net/nofactgroup","Shanghai, China","Costume Design,Dance,Art Direction","17","564"
"393295","Richard Young","https://www.behance.net/richardyoung","Barnstaple, United Kingdom","Painting,Fine Arts,Dance","16","476"
"402687","Anastasia Alekseyeva","https://www.behance.net/aanstasia","Troy, MI, USA","Fashion,Dance,Costume Design","16","1859"
"783289","Petric Victor","https://www.behance.net/PetricVictor","Cluj-Napoca, Romania","Sculpting,Dance","16","196"
"187177","Chuchi Castillo","https://www.behance.net/Chuchilucha","Carolina, Puerto Rico, USA","Dance,Crafts,Design","15","37"
"265478","REFORMA STUDIO","https://www.behance.net/reforma","Bangalore City, India","Fashion,Dance,Performing Arts","15","284"
"481605","mary nelson","https://www.behance.net/bilingualservicesllc","Phoenix, AZ, USA","Fine Arts,Painting,Dance","15","384"
"523581","Diego Vázquez","https://www.behance.net/davazt","Texcoco de Mora, Mexico","Photography,Dance,Exhibition Design","15","414"
"741091","césar vayssié","https://www.behance.net/cesarvayssie","Paris, France","Film,Music,Dance","15","331"
"76503","Mike Wilson","https://www.behance.net/MikeWilson","Portland, OR, USA","Film,Art Direction,Dance","15","373"
"253218","Brittany Rioux Hilferty","https://www.behance.net/brittanyrioux","Decatur, GA, USA","Photography,Architecture,Dance","14","502"
"823499","Victoria Hoyland","https://www.behance.net/trix","London, United Kingdom","Dance,Fashion Styling,Photography","14","546"
"532366","Victor Trani","https://www.behance.net/victortn","Mexico","Photography,Dance,Fashion","13","953"
"565989","yogi indra","https://www.behance.net/yogiindra","Jakarta, Indonesia","Digital Photography,Fashion,Dance","13","185"
"701106","Qristina Cummings","https://www.behance.net/Qristina","OH, USA","Photography,Dance,Photojournalism","13","116"
"851533","Anton Choreographer","https://www.behance.net/AntonChoreography","Sydney, Australia","Dance,Choreography,Performing Arts","13","2388"
"145451","alex miller","https://www.behance.net/kelox","Weimar, Germany","Dance,Editorial Design","12","603"
"190954","Danny Rappy","https://www.behance.net/rappy","Bogota, Colombia","Design,Dance,Drawing","12","35"
"306543","Wanda Ottes","https://www.behance.net/wandaottes","Netherlands","Fine Arts,Drawing,Dance","12","370"
"148871","Brano Ferech","https://www.behance.net/BranoFerech","Czech Republic","Magic,Dance,Comedy","11","380"
"235545","Barbara The Dancing Spirit","https://www.behance.net/thedancingspirit","Tiverton, RI, USA","Dance,Choreography","11","565"
"584991","Martin Dihlmann","https://www.behance.net/MartinDihlmann","Bonn, Germany","Dance,Performing Arts,Choreography","11","987"
"591943","Sarah Dahnke","https://www.behance.net/sarah_rose","Brooklyn, NY, USA","Video Arts,Performing Arts,Dance","11","1084"
"618716","SEBASTIEN MATHE","https://www.behance.net/sebastienmathe","Paris, France","Digital Photography,Dance,Theater","11","288"
"659590","Roberto Manrique","https://www.behance.net/Robertmanrique","Castello, Spain","Photo Illustration,Dance,Digital Photography","11","219"
"97224","Marvin Anthony","https://www.behance.net/murph","Tilburg, Netherlands","Dance,Photography,Performing Arts","11","1282"
"157023","Jacob White","https://www.behance.net/JacobWhite","Saint Charles, MO, USA","Photography,Dance","10","453"
"473613","Sabrina Chen","https://www.behance.net/sabrinachen","Sydney, Australia","Graphic Design,Typography,Dance","10","392"
"727846","eyes diamond","https://www.behance.net/eyesondiamond","USA","Dance,Design,Photography","10","5527"
"862665","Jean-Baptiste Larrieu","https://www.behance.net/jeanbaptistelarrieu","France","Film,Video Arts,Dance","10","213"
"183797","María Eugenia López","https://www.behance.net/marulalopez","Rosario, Argentina","Photography,Design,Dance","9","100"
"209093","Jim Williams","https://www.behance.net/ranger9","NE, USA","Dance,Photography,Video Arts","9","726"
"684286","Anastasiya Zhuravska","https://www.behance.net/anazhur","New York, NY, USA","Dance,Photography,Fashion","9","534"
"729483","Vincent Bonnefond","https://www.behance.net/vbonnefond","France","Dance,Choreography,Photography","9","97"
"239667","Kira Truthdancer","https://www.behance.net/Truthdancer","Pittsburgh, PA, USA","Performing Arts,Magic,Dance","8","883"
"243557","Vanessa Veiga","https://www.behance.net/vanessavv","São Paulo, Brazil","Dance,Web Design,Design","8","179"
"614102","karsaly hidalgo","https://www.behance.net/karsaly6c27","San Diego, CA, USA","Photography,MakeUp Arts (MUA),Dance","8","321"
"120654","Cheryl Angear","https://www.behance.net/CherylAngear","London, United Kingdom","Dance","7","133"
"184363","eduardo rodriguez","https://www.behance.net/edr2407","Maracay, Venezuela","Costume Design,Dance,Fashion","7","40"
"216368","Esteban Linares","https://www.behance.net/teby","Argentina","Digital Imaging,Dance,Crafts","7","23"
"330993","Michele Kadison","https://www.behance.net/mfk","Berlin, Germany","Animation,Video Game Design,Dance","7","390"
"364475","Paul-felix Montez","https://www.behance.net/PaulfelixMontez","USA","Set Design,Dance","7","879"
"409073","Andintan Mitayani","https://www.behance.net/andintanmitayani","Jakarta, Indonesia","Performing Arts,Dance,Theater","7","510"
"463343","Michelle Zeitlin","https://www.behance.net/morezap","USA","Choreography,Dance,Fashion","7","385"
"482205","Taylor Brizendine","https://www.behance.net/TaylorBrizendine","Los Angeles, CA, USA","Film,Dance,Sculpting","7","136"
"5133","hassan hassan","https://www.behance.net/hassa","Bangalore City, India","Design,Advertising,Dance","7","328"
"519377","Gongoma Planet Team","https://www.behance.net/gongomaplanet","London, United Kingdom","Music,Dance,Crafts","7","371"
"557749","AlchemyBatterfly","https://www.behance.net/tamburellarte","Bali, Indonesia","Performing Arts,Dance,Digital Art","7","212"
"723536","Michael Anton","https://www.behance.net/fyidisco","London, United Kingdom","Dance,Music,DJing","7","383"
"857729","Timothy Muza","https://www.behance.net/timothymuza","Toronto, Ontario, Canada","Digital Photography,Music,Dance","7","299"
"106564","Jose Luis Lara Arcos","https://www.behance.net/digitalcolor","Tuxtla Gutierrez, Mexico","Design,Dance","6","271"
"193684","Lorie Fossa","https://www.behance.net/loriefossa","Tampa, FL, USA","Fine Arts,Painting,Dance","6","402"
"223248","Mallo","https://www.behance.net/mallo_","Santiago, Chile","Fashion,Dance,Magic","6","118"
"238088","Katona Laszlo","https://www.behance.net/freshinfo","Hungary","Dance,Music,Art Direction","6","126"
"290459","Kristin Gorsline","https://www.behance.net/kgorsline","Montreal, Quebec, Canada","Performing Arts,Music Composition,Dance","6","353"
"290966","Ilya Natarius","https://www.behance.net/inatarius","Minneapolis, MN, USA","Photography,Dance,Digital Photography","6","876"
"338057","Bridget Daily","https://www.behance.net/bridgetdaily","NC, USA","Dance,Photography","6","430"
"341537","Hernando Cortez","https://www.behance.net/hernandocortez","New York, NY, USA","Dance","6","67"
"455857","MSCB","https://www.behance.net/mscb","Denmark","Photography,Dance","6","789"
"590901","Maestro Sergey","https://www.behance.net/photomaestro","Almaty, Kazakhstan","Photography,Fashion,Dance","6","1935"
"833913","Carolina D'Ambrósio","https://www.behance.net/CarolinaDambrosio","Sao Paulo, Brazil","Photography,Dance,Cinematography","6","343"
"901835","Michelle Deakin","https://www.behance.net/MichelleDeakin","United Kingdom","Illustration,Dance,Graphic Design","6","352"
"146729","Charlie Ottaviani","https://www.behance.net/nonsoche","Ferrara, Italy","Photography,Dance,Music","5","103"
"185458","Edson Almaraz","https://www.behance.net/ed-almo","Leon de los Aldamas, Mexico","Music,Fashion,Dance","5","73"
"206238","erika fichera","https://www.behance.net/toxica","Barcelona, Spain","Dance,Comedy,Animation","5","63"
"223418","Gabriel Benitez","https://www.behance.net/Gabesexclusivity","New York, NY, USA","Music,Fashion,Dance","5","100"
"307175","Paula Salhany","https://www.behance.net/paulasalhany","Brooklyn, NY, USA","Video Arts,Dance,Animation","5","231"
"435559","Mariela Dorner","https://www.behance.net/marieladorner","Sevilla, Spain","Dance,Performing Arts,Fine Arts","5","646"
"474103","Ilja Sargsjan","https://www.behance.net/iljaph","Esbjerg, Denmark","Photojournalism,Photography,Dance","5","290"
"487807","karen furness","https://www.behance.net/theacrobattys","Spain","Comedy,Visual Arts,Dance","5","382"
"497679","Stéphane Jolicoeur","https://www.behance.net/sjolico","Saint-Jérôme, Quebec, Canada","Theater,Dance,Design","5","512"
"541950","denis lipa","https://www.behance.net/denis_lipa","Amsterdam, Netherlands","Photography,Dance","5","142"
"695804","Sydney Francis","https://www.behance.net/sydneyfrancis","United Kingdom","Performing Arts,Painting,Dance","5","131"
"717662","ana alvim","https://www.behance.net/anasousalvim","Porto, Portugal","Photography,Dance","5","209"
"744741","Jodi","https://www.behance.net/capacitor_dance","San Francisco, CA, USA","Performing Arts,Dance,Video Arts","5","169"
"866949","Soubhagya Mukhopadhyay","https://www.behance.net/msoubhagya","Bangalore City, India","Dance,Visual Arts","5","208"
"105312","Andreas Rische","https://www.behance.net/AndreasRische","Kaarst, Germany","Dance,Print Design,Drawing","4","94"
"110760","Omaid Zamar","https://www.behance.net/omaid8","Amersfoort, Netherlands","Photo Manipulation,Motion Graphics,Dance","4","167"
"121015","Neil de la Flor","https://www.behance.net/neildelaflor","Miami, FL, USA","Photography,Performing Arts,Dance","4","639"
"185863","Juan Camilo Cartagena","https://www.behance.net/juanitojuanito","Colombia","Architecture,Street Art,Dance","4","42"
"186621","Melissa castillo","https://www.behance.net/MelCasD","Campeche, Mexico","Consulting,Dance,Directing","4","54"
"191870","vincenza cautela","https://www.behance.net/enza364","Messina, Italy","Fashion,Dance,Magic","4","63"
"192356","Diego Beltrán","https://www.behance.net/kaosfe","Bogota, Colombia","Design,Dance,Fashion","4","38"
"216816","Catherine Aldana","https://www.behance.net/catherinealdana","Chicago, IL, USA","Typography,Graphic Design,Dance","4","1542"
"270870","Enrico Frascati","https://www.behance.net/enricofrascati","Milano, Italy","Dance,Photojournalism,Photography","4","271"
"281048","Merel Drijver","https://www.behance.net/mereldrijver","Amsterdam, Netherlands","Photography,Dance","4","464"
"283271","Tatiana Molero Giordano","https://www.behance.net/tatianagiordano","Brazil","Dance,Theater,Performing Arts","4","26"
"287081","Johanna Juries","https://www.behance.net/johannajuries","Cape Town, South Africa","Dance,Fashion","4","50"
"290211","Ajith Menon M","https://www.behance.net/ajithmenon","Bangalore City, India","Advertising,Design,Dance","4","358"
"295288","Marco Reyna","https://www.behance.net/marcocalavera","Mexico","Dance,Photography,Retouching","4","104"
"300919","Katrina Callihan","https://www.behance.net/katmovements","Los Angeles, CA, USA","Dance,Video Blogging,Performing Arts","4","341"
"330759","Gerardo Garcia","https://www.behance.net/dittoparlo","Mexico","Dance,Graphic Design,Directing","4","152"
"411947","Rebecca Ward","https://www.behance.net/RebeccaWard","Sydney, Australia","Dance,Fine Arts","4","178"
"518158","Beniamino Monaco","https://www.behance.net/BeniaminoMonaco","Milan, Italy","Painting,Illustration,Dance","4","111"
"588929","Charitra Adhikari","https://www.behance.net/charitra","Buffalo, NY, USA","Academia,Digital Photography,Dance","4","74"
"644585","Tanya Didovic","https://www.behance.net/dydydance","London, United Kingdom","Performing Arts,Music,Dance","4","105"
"671528","Andrea D'Angelo","https://www.behance.net/andreadangelo","Torino, Italy","Digital Photography,Advertising,Dance","4","101"
"676738","Lilac Cana","https://www.behance.net/lilaccana","Canada","Dance,Performing Arts,Music","4","188"
"828681","Yegie Putri Bugistavia","https://www.behance.net/Yegie","Jakarta, Indonesia","Dance,Fashion,Music","4","147"
"863699","Nicola Mustone","https://www.behance.net/nicolamustone","Lucera, Italy","Marketing,Dance,Information Architecture","4","282"
"923861","Julius Villanueva","https://www.behance.net/juliusav","Irvine, CA, USA","Graphic Design,Marketing,Dance","4","231"
"118660","Zeki Turedi","https://www.behance.net/zekituredi","Manchester, United Kingdom","Design,Advertising,Dance","3","470"
"119476","popoimagen","https://www.behance.net/popoimagen","Zaragoza, Spain","Dance,Theater,Photography","3","122"
"125214","Luis Ricardo Campbell Montilla","https://www.behance.net/flavamasterd","Panama City, Panama","Video Arts,Dance","3","142"
"152495","Allison Castellano","https://www.behance.net/AllisonCastellano","Los Angeles, CA, USA","Photography,Dance","3","118"
"178797","Sara Moscagiuri","https://www.behance.net/SailorEris","Motta di Livenza, Italy","Music,Dance","3","31"
"183188","Alessandra Paola","https://www.behance.net/punzella","Catania, Italy","Choreography,Multimedia,Dance","3","97"
"186157","claudia Guadalupe merigo silos","https://www.behance.net/claudia_","Mexico, Mexico","Design,Drawing,Dance","3","65"
"191691","eduardo vargas moreno","https://www.behance.net/pintufacha","Santa Cruz de la Sierra, Bolivia","Dance,Architecture,Fashion","3","42"
"199008","Matt Haber","https://www.behance.net/matthaber","Oakland, CA, USA","Photography,Dance","3","104"
"199186","James Santos","https://www.behance.net/jamessantos","USA","Performing Arts,Theater,Dance","3","309"
"211957","Urszula Jadeszko","https://www.behance.net/Perlees","Gdansk, Poland","Blogging,Fashion,Dance","3","39"
"215022","Sjoerd Derine","https://www.behance.net/infosjoerd","Amsterdam, Netherlands","Dance,Film","3","370"
"216491","Hin Man","https://www.behance.net/hintheman","CA, USA","Photography,Singing,Dance","3","180"
"219285","Tatiane Brito","https://www.behance.net/dinoshunter","Brazil","Digital Imaging,Digital Photography,Dance","3","167"
"236371","188 Produtora Multicultural","https://www.behance.net/188multicultural","Sao Paulo, Brazil","Music Production,Multimedia,Dance","3","100"
"281348","Vospertron Performance Group","https://www.behance.net/Vospertron","Madrid, Spain","Dance,Multimedia,Visual Effects","3","272"
"287250","Erik Renz","https://www.behance.net/erikrenz","Atlanta, GA, USA","Photography,Video Arts,Dance","3","461"
"288666","David McKenna","https://www.behance.net/beingfrank","Rugby, United Kingdom","Film,Dance,Performing Arts","3","73"
"314679","Sara Carter","https://www.behance.net/saraecarter","Los Angeles, CA, USA","Graphic Design,Dance,Photography","3","562"
"318265","extra-energy","https://www.behance.net/extra-energy-dance","Bonn, Germany","Choreography,Dance,Magic","3","163"
"331287","Akashay Sharma","https://www.behance.net/akashaysharma","India","Dance,Photography,Digital Photography","3","89"
"353625","Nestor paint","https://www.behance.net/calamarespaciales","Chiapas, Mexico","Digital Art,Dance,Character Design","3","79"
"375989","Bristol Dunlap","https://www.behance.net/bristoldunlap","USA","Art Direction,Photography,Dance","3","58"
"405059","smpl entertainment","https://www.behance.net/smpl_entertainment","Vienna, Austria","Dance","3","14"
"553023","Lucas Groth","https://www.behance.net/lucasgroth","New York, NY, USA","Film,Documentary,Dance","3","381"
"592031","Wasiu Adedeji","https://www.behance.net/hardx","Nigeria","Music,DJing,Dance","3","52"
"603755","Regina Hofmanova","https://www.behance.net/reginahofmanova","London, United Kingdom","Choreography,Dance,Performing Arts","3","97"
"614306","Mylene Sagas","https://www.behance.net/mylenesagas","Brazil","Fashion,Digital Photography,Dance","3","139"
"655343","Sme Dsgn","https://www.behance.net/sme","Naples, Italy","Web Design,Dance,Advertising","3","203"
"696510","Alison Cook Beatty","https://www.behance.net/alisoncookbeatty","New York, NY, USA","Dance","3","62"
"772615","Rashaa Al Ajlouny","https://www.behance.net/BeRashaa","British Columbia, Canada","Drawing,Dance,Fine Arts","3","26"
"794873","snaibi meili","https://www.behance.net/MEILI","France","Theater,Dance,Art Direction","3","72"
"814771","Mariana Rinaldi","https://www.behance.net/Misstron","Auckland, New Zealand","Dance,Choreography,Graphic Design","3","114"
"835345","HANNAH GOGGIN","https://www.behance.net/hannahgoggin","Newcastle upon Tyne, United Kingdom","Performing Arts,Dance,Photography","3","467"
"835681","Sari Feldman","https://www.behance.net/sarifeldman1228","New York, NY, USA","Performing Arts,Dance,Singing","3","348"
"847533","Jennifer Chiang","https://www.behance.net/jenchiang","Hong Kong","Music,Dance","3","52"
"876101","Francesca Gkotsi","https://www.behance.net/francescagkotsi","London, United Kingdom","Performing Arts,Dance,Photography","3","119"
"128141","Julie Hill & Kevin Bayer","https://www.behance.net/idclickit","Cincinnati, OH, USA","Dance,Graphic Design,Web Design","2","226"
"131835","Daemaine Hines","https://www.behance.net/dhin3z","Savannah, GA, USA","Photography,Choreography,Dance","2","140"
"135560","Matt Burwood","https://www.behance.net/mattburwood","Exeter, United Kingdom","Film,Dance,Cinematography","2","169"
"150391","Tam Do","https://www.behance.net/hotsummer","Hanoi, Vietnam","Digital Art,Dance","2","98"
"179660","Catarina Rodrigues","https://www.behance.net/catii","Lisbon, Portugal","Dance,Animation,Fashion","2","27"
"184467","Aleksandra","https://www.behance.net/Olunia","Poland","Dance,Fashion,Design","2","56"
"186397","Juanita Pardo","https://www.behance.net/juanitapardogarcia","Bogota, Colombia","Design,Dance,Fashion","2","27"
"190612","malory sanchez","https://www.behance.net/malycool","Barranquilla, Colombia","Drawing,Dance","2","49"
"192791","Claudia Aguilar","https://www.behance.net/clauz","Lima, Peru","Dance,Design,Fashion","2","75"
"207456","Mario Duarte","https://www.behance.net/spiceclock","Neiva, Colombia","Cartooning,Dance,Confectionary Arts","2","48"
"230087","Feel Good Connected","https://www.behance.net/feelgoodconnected","Maastricht, Netherlands","Creative Direction,Dance","2","79"
"239885","Sofaki Aggelidou","https://www.behance.net/lolanolita","Xanthi, Greece","Fashion,Dance,Film","2","143"
"241830","Arantxa Quintana","https://www.behance.net/arantxaquintana","Spain","Advertising,Editorial Design,Dance","2","64"
"251596","Sarunya Na Songkhla","https://www.behance.net/sarasongkhla","Melbourne, Australia","Dance,Storytelling","2","41"
"255586","Aroldo Fernandes","https://www.behance.net/aroldofernandes","Salvador, Brazil","Dance,Choreography","2","56"
"265169","yahaya","https://www.behance.net/yahaya","Angers, France","Street Art,Dance","2","96"
"289709","Hazel O'Keefe","https://www.behance.net/hazelokeefe","United Kingdom","DJing,Digital Art,Dance","2","26"
"294940","Team by Luciana Negroni","https://www.behance.net/luciananegroni","Milan, Italy","Dance","2","33"
"298906","Blair Doyle","https://www.behance.net/infiniteaperture","Halifax, Nova Scotia, Canada","Fashion,Dance,Photography","2","411"
"305191","William Machado","https://www.behance.net/williamlage","Brazil","Animation,Dance","2","45"
"307922","kent meloy","https://www.behance.net/kgmeloy","Cincinnati, OH, USA","Performing Arts,Dance,Documentary","2","112"
"331665","Maarten Ornstein","https://www.behance.net/maartenornstein","Amsterdam!, Netherlands","Music,Theater,Dance","2","242"
"399689","Dawn Devine","https://www.behance.net/davina","CA, USA","Costume Design,Illustration,Dance","2","67"
"402907","BBBrenda Joyce","https://www.behance.net/B-JoyceH","Regina, Saskatchewan, Canada","Exhibition Design,Dance,Textile Design","2","381"
"513426","Oleg Pospelov","https://www.behance.net/duopospelov","Kiev, Ukraine","Performing Arts,Production,Dance","2","526"
"519613","Paula Delgado","https://www.behance.net/pauladelgadotolos","Canyellas, Spain","Motion Graphics,Dance,Animation","2","345"
"600119","Angie Patterson","https://www.behance.net/angiesdancestudio","Benoni, South Africa","Dance,Choreography","2","112"
"722956","Pouria Nehrir","https://www.behance.net/luxesoft","United Arab Emirates","Web Design,Web Development,Dance","2","418"
"732661","Rommel Bonayon","https://www.behance.net/rommelbonayon","Puerto Princesa City, Philippines","Dance,Performing Arts,Digital Photography","2","69"
"734305","Vinnie Bumatay","https://www.behance.net/Bumatay-Paintings","USA","Fine Arts,Dance,Painting","2","46"
"823175","Ajith Menon","https://www.behance.net/ajinfo","Bangalore City, India","Choreography,Fashion,Dance","2","20"
"835191","Anna Troester","https://www.behance.net/annatroester","New York, NY, USA","Performing Arts,Dance,Choreography","2","722"
"874945","Jony Perel","https://www.behance.net/JonyPerel","Buenos Aires, Argentina","Dance,Film,Documentary","2","153"
"898383","Hugh McCue","https://www.behance.net/TheatreNemo","United Kingdom","Animation,Performing Arts,Dance","2","257"
"905601","Žygimantas Bulotas","https://www.behance.net/TanGoZ","Kaunas, Lithuania","Dance","2","61"
"909755","saif aldamen","https://www.behance.net/saif-aldamen","Amman, Jordan","Production,Dance,Design","2","210"
"123192","Heather Gray","https://www.behance.net/HeatherGray","Boulder, CO, USA","Dance,Video Arts,Photography","1","96"
"127836","Iva","https://www.behance.net/naashini","Kiev, Ukraine","Digital Photography,Dance","1","167"
"172040","Yao Yan","https://www.behance.net/country","Shanghai, China","Video Arts,Fine Arts,Dance","1","83"
"184916","juan david","https://www.behance.net/ea90a621eb198","Medellin, Colombia","Music,Magic,Dance","1","20"
"186622","Javiera Leiva","https://www.behance.net/javileiva","Santiago, Chile","Comedy,Fashion,Dance","1","54"
"188869","Fulop Adela","https://www.behance.net/devil_girl","Ramat Gan, Israel","Dance","1","26"
"189141","Brigitte Nin","https://www.behance.net/BrigitteNin","Trelew, Argentina","Dance,Architecture,Visual Arts","1","51"
"190360","Carolina Grijalva Bonilla","https://www.behance.net/carogribo","Quito, Ecuador","Dance,Magic,Design","1","33"
"190652","Itzel Ortiz","https://www.behance.net/iswatch","Tuxtla Gutierrez, Mexico","Animation,Dance,Caricature","1","40"
"192113","DIANA CARDENAS","https://www.behance.net/kawaiinana","Colombia","Architecture,Design,Dance","1","27"
"195084","Ivor Jones","https://www.behance.net/hetangatadigital","New Zealand","Digital Photography,Music Production,Dance","1","42"
"196399","Magnificent 9 Prdouction","https://www.behance.net/Mag9pro","Denpasar, Indonesia","Music,Exhibition Design,Dance","1","382"
"197594","Iberia López","https://www.behance.net/Shiro","Tegucigalpa, Honduras","Dance,Fashion,Drawing","1","44"
"245301","Courtney Sutton","https://www.behance.net/csutton3","Huntsville, TX, USA","Choreography,Performing Arts,Dance","1","129"
"246820","user1 test","https://www.behance.net/user1","Hyderabad, India","Blogging,Dance","1","20"
"271649","Kyells Evans","https://www.behance.net/Kyells","Nairobi, Kenya","Drawing,Dance,Cartooning","1","1"
"277135","Mighty Shake","https://www.behance.net/mightyshake","Czech Republic","Visual Arts,Video Arts,Dance","1","91"
"282575","Dita Kelly","https://www.behance.net/ditakelly","London, United Kingdom","Performing Arts,Dance,Theater","1","63"
"285246","Ajanta Chakraborty","https://www.behance.net/BollywoodGroove","Chicago, IL, USA","Dance","1","78"
"320555","Kristyn McGeehan","https://www.behance.net/kristynmc","USA","Dance","1","50"
"325011","yvonne van den akker","https://www.behance.net/shootingart","Netherlands","Video Arts,Dance,Performing Arts","1","31"
"351763","Willem Cammel","https://www.behance.net/wcammel","Netherlands","Performing Arts,Dance,Production","1","60"
"351953","Justin Nunnink","https://www.behance.net/justinnunnink","Brooklyn, NY, USA","Photography,Photojournalism,Dance","1","113"
"378991","Laboratoire Danse Sans Nom_Selim Aydogdu","https://www.behance.net/labodsn","Liège, Belgium","Choreography,Visual Arts,Dance","1","85"
"392443","Niki Glover","https://www.behance.net/nrg","Aldershot, United Kingdom","Dance","1","39"
"399869","Wood Nox","https://www.behance.net/woodnox","The Hague, Netherlands","Dance,DJing","1","150"
"408321","Quéli Franco","https://www.behance.net/queli","Lisboa, Portugal","DJing,Editing,Dance","1","36"
"412453","Miranda van Toor-Hania","https://www.behance.net/mhania","Antwerp, Belgium","Dance","1","1"
"425505","sisi shibui","https://www.behance.net/susu","Netherlands","Information Architecture,Dance,Photojournalism","1","30"
"442521","Yehuda Maor","https://www.behance.net/org","Israel","Dance","1","136"
"469035","DJ AfterDeath","https://www.behance.net/djafterdeath","Duluth, MN, USA","Dance,DJing,Music","1","34"
"471731","Fabio Pravato","https://www.behance.net/noonsp","Verona, Italy","Choreography,Character Design,Dance","1","68"
"477055","Toni Alejandria","https://www.behance.net/tonialejandria","CA, USA","Dance,Digital Photography","1","26"
"478917","Stella Kulumbegova","https://www.behance.net/stelka","Nepal","Dance,Advertising,Fashion","1","108"
"485185","Jon Rajkovich","https://www.behance.net/jonrajkovich","CA, USA","Dance,Sculpting","1","69"
"503576","Juan Carlos Castrillon Vallejo","https://www.behance.net/puenteluminoso","Colombia","Dance,Music,Fine Arts","1","125"
"510592","Andrew Yang","https://www.behance.net/absencestylist","Canada","Choreography,Marketing,Dance","1","498"
"530012","Alejandro Richter","https://www.behance.net/alerichter","Olivos, Argentina","Dance","1","34"
"537246","João Paulo Pereira","https://www.behance.net/joaopaulopereira","Brazil","Dance","1","23"
"542332","Anna Glowacki","https://www.behance.net/annaglowacki","Chicago, IL, USA","Costume Design,Design,Dance","1","122"
"54761","kozmik fish","https://www.behance.net/kozmikfish","London, United Kingdom","Photography,Dance,Writing","1","144"
"563311","Joshua Cayabyab","https://www.behance.net/joshyubs","Matawan, NJ, USA","Documentary,Dance,Film","1","130"
"574505","kate balandina","https://www.behance.net/balandina","Park Slope, NY, USA","Cinematography,Music,Dance","1","212"
"593775","Josh Cayabyab","https://www.behance.net/joshcayabyab","NJ, USA","Film,Dance,Video Blogging","1","120"
"607007","marc marlon villaflor","https://www.behance.net/djnomad813","Riyadh, Saudi Arabia","Dance,Music Composition,Music","1","61"
"619612","Elena Mikhaylova","https://www.behance.net/ElenaMikhaylova","Golden, CO, USA","Dance,Branding,Production","1","378"
"622680","VIP GODDESSES","https://www.behance.net/vipgoddesses","London, United Kingdom","Documentary,Television,Dance","1","292"
"626892","Amanda Whitesell","https://www.behance.net/awhitesell","USA","Video Arts,Dance,Multimedia","1","109"
"627578","Jorge Tieffenberg","https://www.behance.net/georgeadriantieff","Santiago, Chile","Dance,Choreography,Performing Arts","1","26"
"631532","Claudia Chafardet","https://www.behance.net/clauchaffy","Venezuela","Branding,Dance,Marketing","1","579"
"632634","jalel saidi","https://www.behance.net/JADFIRENZE","Ariana, Tunisia","Blogging,Web Development,Dance","1","49"
"644045","Maarten Vonk","https://www.behance.net/maartenvonk","Huizen, Netherlands","Theater,Dance","1","31"
"669454","Nathaniel Legall","https://www.behance.net/nathaniellegall","United Kingdom","Photography,Digital Photography,Dance","1","246"
"701242","Erick Heikurinen","https://www.behance.net/DJHOTFEVER","Canada","DJing,Digital Art,Dance","1","39"
"710084","Jenni Middleton","https://www.behance.net/RawDiva","United Kingdom","Performing Arts,Dance,Choreography","1","57"
"719734","shweta sharma","https://www.behance.net/meshwetasharma","New Delhi, India","Film,Dance,Television","1","3"
"731023","Andres Amador","https://www.behance.net/AndresAmador","Zapopan, Mexico","DJing,Dance,Exhibition Design","1","31"
"73835","Christopher Huang","https://www.behance.net/christopherhuang","Boston, MA, USA","Dance,Photography,Music","1","134"
"766967","Siwen Sui","https://www.behance.net/siwensui","New York, NY, USA","Motion Graphics,Dance,Animation","1","111"
"810717","Frey Faust","https://www.behance.net/FreyFaust","Berlin, Germany","Fine Arts,Dance,Creative Direction","1","76"
"814719","Angella Foster","https://www.behance.net/alightdancetheater","MD, USA","Storytelling,Theater,Dance","1","174"
"825921","Elena Laura Suciu","https://www.behance.net/ElenaLauraSuciu","United Kingdom","Dance","1","1"
"881981","Marc Garcia","https://www.behance.net/marc_garcia","Valencia, Spain","Branding,Photography,Dance","1","124"
"89790","Thang Nguyen","https://www.behance.net/Namikaze","Odense, Denmark","Dance,Graphic Design,Digital Art","1","85"
"916809","Ruth Sherman","https://www.behance.net/rutholgasherman","Gelsenkirchen, Germany","Visual Arts,Dance,Photography","1","248"
"922551","Brian Leung","https://www.behance.net/BrianLeung","Kowloon, Hong Kong","Music,Dance,DJing","1","204"
"120136","stephanie simcox","https://www.behance.net/ssimcox","Sydney, Australia","Photography,Fine Arts,Dance","0","138"
"125895","coolte.net","https://www.behance.net/coolte","Teruel, Spain","Graphic Design,DJing,Dance","0","0"
"161001","Palay Claire","https://www.behance.net/palayclaire","Auckland, New Zealand","Dance,Photo Manipulation,Photography","0","132"
"182241","Bart Aarts","https://www.behance.net/bart-us","Haarlem, Netherlands","DJing,Graphic Design,Dance","0","71"
"189209","massiel pizarro","https://www.behance.net/mickytax","Iquique, Chile","Dance,Music","0","44"
"191535","Patricio Kanndia","https://www.behance.net/patriciocandia","Playa del Carmen, Mexico","Music,Design,Dance","0","37"
"194496","Bruno Feijó","https://www.behance.net/brunofeijo","Lisboa, Portugal","Dance,Music","0","22"
"198960","Ann Schley","https://www.behance.net/highwoodSTUDIOS","Saint Paul, MN, USA","Dance,Photography,Performing Arts","0","160"
"202594","Larson LIBERLIN DE SHORIBA DIOP","https://www.behance.net/thesilentkeeper","Orly, France","Dance,Computer Animation,Choreography","0","83"
"211809","David Foster","https://www.behance.net/youngrep","London, United Kingdom","Music,Dance,Music Production","0","64"
"217018","NELLH NIKARI","https://www.behance.net/1JPGo","Greece","Fashion,Dance,Magic","0","0"
"218909","João Fernandes","https://www.behance.net/JLF","Portugal","Dance,Music,Street Art","0","41"
"222043","HAOGEN MOHAMMED MRAD","https://www.behance.net/manos25","Greece","Dance","0","21"
"222976","tarciana gomes ferreira","https://www.behance.net/ciao","Palermo, Italy","Dance","0","15"
"235335","Jeremy Morton","https://www.behance.net/jeremymorton01","Kidderminster, United Kingdom","DJing,Dance","0","30"
"246877","Luis Návar","https://www.behance.net/luisnavar","Imatra, Finland","Photography,Dance,Theater","0","113"
"249929","Milanah Al-Mushasha","https://www.behance.net/milanah","Riyadh, Saudi Arabia","Drawing,Design,Dance","0","31"
"263769","Laura torres","https://www.behance.net/lalalaenana","Bogota, Colombia","Dance","0","19"
"271011","Major Scurlock","https://www.behance.net/majorscurlock","New York, NY, USA","Theater,Music Composition,Dance","0","50"
"276791","Rock Eblen","https://www.behance.net/bioflyer","Asheville, NC, USA","Performing Arts,Dance,Choreography","0","77"
"287627","Vellyqueen Team","https://www.behance.net/vellyqueen","FL, USA","Journalism,Dance,Fashion","0","69"
"291111","Gracie Chavez","https://www.behance.net/graciechavez77","Phoenix, AZ, USA","Video Arts,Dance,Academia","0","1"
"309430","Sari Cecilia Arts","https://www.behance.net/sariceciliaarts","Kuwait","Dance,Poetry,Painting","0","44"
"317513","Manfred Wittenbols","https://www.behance.net/mwittenbols","Netherlands","Photography,Television,Dance","0","131"
"327873","rubicco carmine","https://www.behance.net/carminerubicco","Novara, Italy","Advertising,Dance,Art Direction","0","60"
"336675","Luis Mella","https://www.behance.net/l_mella","Santiago, Chile","Dance,Documentary,Film","0","96"
"348785","song jialei","https://www.behance.net/hugh","Wuxi, China","Street Art,Music,Dance","0","78"
"375383","creative group Asums","https://www.behance.net/asums","Riga, Latvia","Photography,Dance","0","42"
"387819","J_ Cargo","https://www.behance.net/jcargo","Manhattan Park, NY, USA","Music Composition,Music Production,Dance","0","67"
"414865","Kelly J. Anderson","https://www.behance.net/kjdance","WA, USA","Dance","0","19"
"438481","Wheaton Simis","https://www.behance.net/wheatonsimis","Brooklyn, NY, USA","Dance,Theater","0","64"
"459847","yalçın gözüküçük","https://www.behance.net/yalcingozukucuk","Istanbul, Turkey","Digital Art,Dance,Design","0","50"
"467741","Paschalis Kakalis","https://www.behance.net/THE-PACO-PROJECT","Thessaloniki, Greece","Music,Dance,Music Production","0","55"
"472733","Ilaria Cusano","https://www.behance.net/ilariacusano","Rome, Italy","Art Direction,Theater,Dance","0","21"
"486717","mourad driouchi","https://www.behance.net/moyrad","Rabat, Morocco","Art Direction,Illustration,Dance","0","217"
"507624","DUENDE Art Productions","https://www.behance.net/duendeartproductions","Toronto, Ontario, Canada","Fine Arts,Music,Dance","0","261"
"522575","Alex Greguol","https://www.behance.net/alexdesign85","Aviano, Italy","Dance,Animation,Editing","0","20"
"529264","Frank","https://www.behance.net/flexcited","Netherlands","Dance,Music Production,DJing","0","87"
"536088","Lisanne Hakkers","https://www.behance.net/lisannehakkers","Netherlands","Dance,Theater,Set Design","0","113"
"538366","Ana Abad-Carles","https://www.behance.net/anam","London, United Kingdom","Dance","0","18"
"563121","Fabrizio Varriale","https://www.behance.net/yetart","Turin, Italy","Dance,Performing Arts","0","37"
"576591","yeliz kılıç","https://www.behance.net/geminii_angell2017","Vienna, Austria","Fashion,Design,Dance","0","49"
"583219","Lara Light","https://www.behance.net/colourvision","South Africa","Choreography,Dance,Crafts","0","53"
"588151","Caitlin Hafer","https://www.behance.net/crhafer1988","Berkeley, CA, USA","Choreography,Dance,Film","0","425"
"591375","hermanas tijera","https://www.behance.net/hermanastijera","Barcelona, Spain","Costume Design,Design,Dance","0","103"
"602527","Karyn Edison","https://www.behance.net/kne4ever","Holliston, MA, USA","Performing Arts,Dance,Art Direction","0","64"
"612502","u&i design","https://www.behance.net/uandi","Louisville-Jefferson County, KY, USA","Graphic Design,Dance,Packaging","0","368"
"632844",":) designers","https://www.behance.net/happydesigners","Monterrey, Mexico","Graphic Design,Dance,Philanthropy","0","282"
"656473","Daniel Maison","https://www.behance.net/dmaison","Farnham, United Kingdom","Music Production,Choreography,Dance","0","61"
"668220","Creativoz","https://www.behance.net/creativozproduction","Monterrey, Mexico","Music Production,Dance,Production","0","23"
"680208","guillaume fandel","https://www.behance.net/askania","France","Photography,Dance","0","147"
"683062","Alex Font","https://www.behance.net/alexfont","Spain","Dance,Video Arts,Cinematography","0","46"
"706978","Karlijn","https://www.behance.net/karlijngoudriaan","Rotterdam, Netherlands","Dance,Photography","0","48"
"734963","Svetlana","https://www.behance.net/Creative-E","Bonn-Bad Godesberg, Germany","Dance,Video Blogging,Theater","0","0"
"742659","Nicolette Boese","https://www.behance.net/NicoletteL","Louisville, KY, USA","Dance","0","33"
"753725","Cloud9 Casting Agency","https://www.behance.net/cloud9casting","London, United Kingdom","Choreography,Fashion,Dance","0","91"
"777545","Alexander Perkins","https://www.behance.net/AlexanderOneil","Tuscaloosa, AL, USA","Design,Dance,Advertising","0","28"
"797325","Christopher Aaron Rodriguez","https://www.behance.net/christops","Pomona, CA, USA","Film,Dance","0","38"
"810503","Brahim Kerkour","https://www.behance.net/brahimkerkour","London, United Kingdom","Music Composition,Dance,Music","0","2342"
"833387","Geary Newton","https://www.behance.net/43Boss","Tulsa, OK, USA","Entrepreneurship,Dance,Choreography","0","31"
"859623","Stefan Johnson","https://www.behance.net/stefanjohnson229","DC, USA","Lighting Design,Performing Arts,Dance","0","31"
"881913","David Ditjacques","https://www.behance.net/DDitjacques","Vacoas, Mauritius","Branding,Dance","0","82"
"908019","Dominic Brown","https://www.behance.net/dominicbrown","CA, USA","Print Design,Graphic Design,Dance","0","37"
"932189","Mai Lor","https://www.behance.net/mfotographie","Milwaukee, WI, USA","Dance,Drawing,Digital Photography","0","34"
"945958","Toan Tran","https://www.behance.net/toantran","Dallas, TX, USA","Art Direction,Film,Dance","0","51"